no,name,smiles,property,prediction,dataset
1,(Ethoxymethyl)ethyldimethylammonium Chloride,[N+](C)(C)(CC)COCC.[Cl-] ,3.59,4.659682641,Training
2,(Ethoxymethyl)ethyldimethylammonium Bis(trifluoromethylsulfonyl)amide,[N+](C)(C)(CC)COCC.[N-](S(=O)(=O)C(F)(F)F)S(=O)(=O)C(F)(F)F ,3.8,3.568132349,Training
3,"Tetraethylammonium Bis[1,2-benzenediolato(2-)-O1,O2]borate",O1c4c(O[B-]12Oc3c(O2)cccc3)cccc4.CC[N+](CC)(CC)CC,1.17,1.28003545,Training
5,(ethoxycarbonylmethyl)ethyldimethylammonium bis(trifluoromethylsulfonyl)amide,[N+](C)(C)(CC)CC(=O)OCC.[N-](S(=O)(=O)C(F)(F)F)S(=O)(=O)C(F)(F)F ,3.53,3.623878827,Training
6,Butyltrimethylammonium Bis(trifluoromethylsulfonyl)amide,[N+](C)(C)(C)CCCC.[N-](S(=O)(=O)C(F)(F)F)S(=O)(=O)C(F)(F)F ,3.61,3.603282214,Training
7,Ethyl(2-ethoxyethyl)dimethylammonium Bis(trifluoromethylsulfonyl)amide,[N+](C)(C)(CC)CCOCC.[N-](S(=O)(=O)C(F)(F)F)S(=O)(=O)C(F)(F)F ,3.27,3.430269513,Training
9,Ethyl(2-methoxyethyl)dimethylammonium Bis(trifluoromethylsulfonyl)amide,[N+](C)(C)(CC)CCOC.[N-](S(=O)(=O)C(F)(F)F)S(=O)(=O)C(F)(F)F ,3.3,3.568132349,Training
10,Ethyl(3-methoxypropyl)dimethylammonium Bis(trifluoromethylsulfonyl)amide,[N+](C)(C)(CC)CCCOC.[N-](S(=O)(=O)C(F)(F)F)S(=O)(=O)C(F)(F)F ,3.54,3.430269513,Training
12,(cyanomethyl)ethyldimethylammonium chloride ,[N+](C)(C)(CC)CC#N.[Cl-] ,4.6,4.489861625,Training
15,(2-ethoxyethyl)ethyldimethylammonium chloride ,[N+](C)(C)(CC)CCOCC.[Cl-] ,4.6,4.6124213,Training
16,ethyl(3-methoxypropyl)dimethylammonium chloride ,[N+](C)(C)(CC)CCCOC.[Cl-] ,4.9,4.6124213,Training
17,(cyanomethyl)ethyldimethylammonium bis(trifluoromethylsulfonyl)amide,[N+](C)(C)(CC)CC#N.[N-](S(=O)(=O)C(F)(F)F)S(=O)(=O)C(F)(F)F ,3.86,3.913472133,Training
19,bis(2-methoxyethyl)ammonium sulfamate,[NH2+](CCOC)CCOC.[O-]S(=O)(=O)N ,3.48,3.398994668,Training
20,(2-hydroxyethyl)trimethylammonium hydroxyacetate ,[N+](C)(C)(C)CCO.[O-]C(=O)CO ,3.89,3.99958017,Training
22,ethyl(2-ethoxyethyl)dimethylammonium chloride ,[Cl-].O(CC)CC[NH+](C)C,4.6,4.13369564,Training
23,butylethyldimethylammonium chloride ,[N+](C)(C)(CC)CCCC.[Cl-] ,4.6,4.4895695,Training
24,(2-hydroxyethyl)trimethylammonium 2-hydroxypropanoate ,[N+](C)(C)(C)CCO.[O-]C(=O)C(C)O ,4.6,4.48963854,Training
27,benzylhexadecyldimethylammonium chloride ,[N+](C)(C)(Cc1ccccc1)CCCCCCCCCCCCCCCC.[Cl-] ,0.33,0.220155248,Training
28,(2-hydroxyethyl)dimethylammonium acetate ,[NH+](C)(C)CCO.[O-]C(=O)C ,3.39,3.499931801,Training
29,(2-hydroxyethyl)dimethylammonium hydroxyacetate ,[NH+](C)(C)CCO.[O-]C(=O)CO ,3.4,3.440065006,Training
32,Butylethyldimethylammonium Bis(trifluoromethylsulfonyl)amide,[N+](C)(C)(CC)CCCC.[N-](S(=O)(=O)C(F)(F)F)S(=O)(=O)C(F)(F)F ,3.53,3.410597594,Training
33,"tetrabutylammonium bis[1,2-benzenediolato(2-)]borate",[N+](CCCC)(CCCC)(CCCC)CCCC.[B-]12(Oc3ccccc3O1)Oc3ccccc3O2 ,1.61,1.720019581,Training
34,(ethoxycarbonylmethyl)ethyldimethylammonium bromide ,[N+](C)(C)(CC)CC(=O)OCC.[Br-] ,3.85,3.96003256,Training
36,1-Ethyl-3-methylimidazolium Tetrafluoroborate,[N+]1(C)=CN(C=C1)CC.[B-](F)(F)(F)F ,3.44,3.554111303,Training
38,3-Methyl-1-octylimidazolium Hexafluorophosphate,[N+]1(C)=CN(C=C1)CCCCCCCC.[P-](F)(F)(F)(F)(F)F ,1.96,2.069916006,Training
39,3-Methyl-1-octylimidazolium Tetrafluoroborate,[N+]1(C)=CN(C=C1)CCCCCCCC.[B-](F)(F)(F)F ,1.591064607,1.700114215,Training
40,3-Methyl-1-nonylimidazolium Chloride,[N+]1(C)=CN(C=C1)CCCCCCCCC.[Cl-] ,1.399673721,1.509396069,Training
41,3-Methyl-1-nonylimidazolium Hexafluorophosphate,[N+]1(C)=CN(C=C1)CCCCCCCCC.[P-](F)(F)(F)(F)(F)F ,1.854913022,1.743778231,Training
42,3-Methyl-1-nonylimidazolium Tetrafluoroborate,[N+]1(C)=CN(C=C1)CCCCCCCCC.[B-](F)(F)(F)F ,1.65,1.31828507,Training
43,3-Methyl-1-propylimidazolium Tetrafluoroborate,[N+]1(C)=CN(C=C1)CCC.[B-](F)(F)(F)F ,3.45484486,3.406668724,Training
44,1-butyl-3-methylimidazolium tetrafluoroborate,[N+]1(C)=CN(C=C1)CCCC.[B-](F)(F)(F)F,3.230448921,3.163035147,Training
45,1-Butyl-3-methylimidazolium Bromide,[N+]1(C)=CN(C=C1)CCCC.[Br-] ,3.426511261,3.53814352,Training
46,1-Butyl-3-ethylimidazolium Tetrafluoroborate,[N+]1(CC)=CN(C=C1)CCCC.[B-](F)(F)(F)F ,3.257678575,2.845706434,Training
47,1-methyl-3-pentylimidazolium chloride ,[Cl-].c1c[n+](cn1C)CCCCC,3.16,3.270306848,Training
48,1-methyl-3-pentylimidazolium hexafluorophosphate,F[P-](F)(F)(F)(F)F.c1c[n+](cn1C)CCCCC,3.07,3.090791701,Training
49,1-methyl-3-pentylimidazolium tetrafluoroborate,[Cl-].OCCC[n+]1ccn(c1)C,3.09,4.097136556,Training
50,1-hexyl-3-methylimidazolium chloride ,[N+]1(C)=CN(C=C1)CCCCCC.[Cl-] ,2.85,2.858548777,Training
51,1-Hexyl-3-methylimidazolium Tetrafluoroborate,[N+]1(C)=CN(C=C1)CCCCCC.[B-](F)(F)(F)F ,2.980003372,2.480585199,Training
52,1-Hexyl-3-ethylimidazolium Bromide,[N+]1(CC)=CN(C=C1)CCCCCC.[Br-] ,2.01,2.319887709,Training
53,1-Hexyl-3-ethylimidazolium Tetrafluoroborate,[N+]1(CC)=CN(C=C1)CCCCCC.[B-](F)(F)(F)F ,2.26,2.092151551,Training
54,1-heptyl-3-methylimidazolium chloride ,[N+]1(C)=CN(C=C1)CCCCCCC.[Cl-] ,2.53,2.410511544,Training
55,1-heptyl-3-methylimidazolium hexafluorophosphate,[N+]1(C)=CN(C=C1)CCCCCCC.[P-](F)(F)(F)(F)(F)F ,2.3,2.410292335,Training
56,1-heptyl-3-methylimidazolium Tetrafluoroborate,[N+]1(C)=CN(C=C1)CCCCCCC.[B-](F)(F)(F)F ,2.58,2.092151551,Training
58,1-decyl-3-methylimidazolium hexafluorophosphate,[N+]1(C)=CN(C=C1)CCCCCCCCCC.[P-](F)(F)(F)(F)(F)F ,1.498310554,1.435790267,Training
59,1-Decyl-3-methylimidazolium Tetrafluoroborate,[N+]1(C)=CN(C=C1)CCCCCCCCCC.[B-](F)(F)(F)F ,0.769377326,0.955620781,Training
60,1-Decyl-3-ethylimidazolium Bromide,[N+]1(CC)=CN(C=C1)CCCCCCCCCC.[Br-] ,0.53,0.68962542,Training
61,1-butyl-3-methylimidazolium bis(trifluoromethylsulfonyl)imide,[N+]1(C)=CN(C=C1)CCCC.[N-](S(=O)(=O)C(F)(F)F)S(=O)(=O)C(F)(F)F ,2.682145076,2.896406923,Training
62,3-(2-hydroxyethyl)-1-methylimidazolium bis(trifluoromethylsulfonyl)imide,FC(F)(F)S(=O)(=O)[N-]S(=O)(=O)C(F)(F)F.OCC[n+]1ccn(c1)C,3.763427994,3.653162198,Training
63,1-benzyl-3-methylimidazolium tetrafluoroborate,[N+]1(C)=CN(C=C1)Cc1ccccc1.[B-](F)(F)(F)F ,2.974050903,3.048417815,Training
64,1-Ethyl-3-methylimidazolium Ethyl Sulfate,CCOS([O-])(=O)=O.CCN1C=C[N+](C)=C1 ,3.928395852,3.936729687,Training
65,1-Butyl-3-methylimidazolium Chloride,[N+]1(C)=CN(C=C1)CCCC.[Cl-],3.553883027,3.614014477,Training
66,1-hexyl-3-methylimidazolium Hexafluorophosphate,[N+]1(C)=CN(C=C1)CCCCCC.[P-](F)(F)(F)(F)(F)F ,2.909020854,2.755799866,Training
73,1-Butyl-3-methylimidazolium Dicyanamide,CCCCN1C=C[N+](=C1)C.C(#N)[N-]C#N,3.15,3.259830988,Training
74,1-Butyl-3-methylimidazolium 2-(2-Methoxyethoxy)ethyl sulfate,[N+]1(C)=CN(C=C1)CCCC.[O-]S(=O)(=O)OCCOCCOC ,3.158362492,3.268707725,Training
75,1-Butyl-3-methylimidazolium 1-Methylsulfate,[N+]1(C)=CN(C=C1)CCCC.[O-]S(=O)(=O)OC ,3.212187604,3.664656845,Training
76,1-Butyl-3-methylimidazolium 1-Octylsulfate,[N+]1(C)=CN(C=C1)CCCC.[O-]S(=O)(=O)OCCCCCCCC ,3.225309282,2.000038296,Training
77,1-Butyl-3-methylimidazolium Hydrogensulfate,[N+]1(C)=CN(C=C1)CCCC.[O-]S(=O)(=O)O ,3.28780173,3.604797623,Training
78,1-Butyl-3-methylimidazolium Toluene-4-sulfonate,CCCCN1C=C[N+](=C1)C.CC1=CC=C(C=C1)S(=O)(=O)[O-],3.29,3.179964765,Training
80,1-Butyl-3-methylimidazolium 1-Methanesulfonate,[N+]1(C)=CN(C=C1)CCCC.[O-]S(=O)(=O)C ,3.511883361,3.402017526,Training
81,1-Butyl-3-methylimidazolium Iodide,[N+]1(C)=CN(C=C1)CCCC.[I-] ,3.481442629,3.590074034,Training
82,1-Ethyl-3-methylimidazolium Bis[oxalato(2-)]-borate,[N+]1(C)=CN(C=C1)CC.[B-]12(OC(=O)C(=O)O1)OC(=O)C(=O)O2 ,2.93,2.819994407,Training
83,1-Ethyl-3-methylimidazolium Tetracyanoborate,[N+]1(C)=CN(C=C1)CC.[B-](C#N)(C#N)(C#N)C#N ,3.5,3.390335767,Training
84,1-ethyl-3-methylimidazolium hexafluorophosphate ,[N+]1(C)=CN(C=C1)CC.[P-](F)(F)(F)(F)(F)F ,3.918030337,3.807992269,Training
85,1-ethyl-3-methylimidazolium trifluoroacetate ,[N+]1(C)=CN(C=C1)CC.[O-]C(=O)C(F)(F)F ,4.004321374,3.914697221,Training
87,1-ethyl-3-methylimidazolium hydrogen sulfate ,[N+]1(C)=CN(C=C1)CC.[O-]S(=O)(=O)O ,3.99,4.100212759,Training
88,1-ethyl-3-methylimidazolium trifluoromethanesulfonate ,[N+]1(C)=CN(C=C1)CC.[O-]S(=O)(=O)C(F)(F)F ,4.086359831,3.976090416,Training
89,1-hexadecyl-3-methylimidazolium chloride ,[N+]1(C)=CN(C=C1)CCCCCCCCCCCCCCCC.[Cl-] ,-0.240332155,-0.251702646,Training
90,"1-Hexyl-3-methylimidazolium 1,2-Benzisothiazolonium 1,1-dioxide",[O-]C2=NS(=O)(=O)c1ccccc12.c1c[n+](cn1CCCCCC)C,2.29,2.400045952,Training
92,1-Methyl-3-[(4-methylphenyl)methyl]imidazolium Chloride,Cc1ccc(cc1)Cn2cc[n+](c2)C.[Cl-],2.64,2.749951467,Training
93,1-Methyl-3-[(4-methylphenyl)methyl]imidazolium Tetrafluoroborate,F[B-](F)(F)F.c1cc(ccc1C)Cn2cc[n+](c2)C,2.67,2.619352197,Training
94,"3-Hexyl-1,2-dimethylimidazolium Tetrafluoroborate",F[B-](F)(F)F.c1c[n+](c(n1C)C)CCCCCC,1.9,2.023336908,Training
95,3-Methyl-1-octadecylimidazolium Chloride,[N+]1(C)=CN(C=C1)CCCCCCCCCCCCCCCCCC.[Cl-] ,0.012837225,-0.096935672,Training
96,3-Methyl-1-octylimidazolium Bis(trifluoromethylsulfonyl)amide,FC(F)(F)S(=O)(=O)[N-]S(=O)(=O)C(F)(F)F.c1c[n+](cn1CCCCCCCC)C,1.64,1.750404915,Training
97,1-hexyl-3-methylimidazolium bis(trifluoromethylsulfonyl)amide,[N+]1(C)=CN(C=C1)CCCCCC.[N-](S(=O)(=O)C(F)(F)F)S(=O)(=O)C(F)(F)F ,2.243038049,2.270878684,Training
98,1-ethyl-3-methylimidazolium trifluoridotris(pentafluoroethyl)phosphate ,[N+]1(C)=CN(C=C1)CC.[P-](F)(F)(F)(C(F)(F)C(F)(F)F)(C(F)(F)C(F)(F)F)C(F)(F)C(F)(F)F ,2,1.890087828,Training
99,1-butyl-3-methylimidazolium trifluoridotris(pentafluoroethyl)phosphate ,[N+]1(C)=CN(C=C1)CCCC.[P-](F)(F)(F)(C(F)(F)C(F)(F)F)(C(F)(F)C(F)(F)F)C(F)(F)C(F)(F)F ,1.374748346,1.484977863,Training
101,1-hexyl-3-methylimidazolium trifluoridotris(heptafluoropropyl)phosphate,[N+]1(C)=CN(C=C1)CCCCCC.[P-](F)(F)(F)(C(F)(F)C(F)(F)C(F)(F)F)(C(F)(F)C(F)(F)C(F)(F)F)C(F)(F)C(F)(F)C(F)(F)F ,1.4,1.497496272,Training
103,1-butyl-3-methylimidazolium tetracarbonylcobaltate,CCCCN1C=C[N+](=C1)C.[C-]#[O+].[C-]#[O+].[C-]#[O+].[C-]#[O+].[Co],2.447158031,2.557199203,Training
104,1-(2-hydroxyethyl)-3-methylimidazolium iodide ,[N+]1(C)=CN(C=C1)CCO.[I-] ,4.6,4.264429611,Training
105,1-(3-hydroxypropyl)-3-methylimidazolium chloride ,[N+]1(C)=CN(C=C1)CCCO.[Cl-] ,4.6,4.097136556,Training
106,1-(ethoxymethyl)-3-methylimidazolium chloride ,[N+]1(C)=CN(C=C1)COCC.[Cl-] ,3.603144373,4.051208338,Training
107,1-(2-ethoxyethyl)-3-methylimidazolium bromide ,[N+]1(C)=CN(C=C1)CCOCC.[Br-] ,4.139879086,3.908759153,Training
108,1-(2-methoxyethyl)-3-methylimidazolium chloride ,[N+]1(C)=CN(C=C1)CCOC.[Cl-] ,4.6,4.051208338,Training
109,1-(3-methoxypropyl)-3-methylimidazolium chloride ,[N+]1(C)=CN(C=C1)CCCOC.[Cl-] ,4.79,3.889928787,Training
110,1-(cyanomethyl)-3-methylimidazolium bis(trifluoromethylsulfonyl)amide,[N+]1(C)=CN(C=C1)CC#N.[N-](S(=O)(=O)C(F)(F)F)S(=O)(=O)C(F)(F)F ,3.900367129,3.79014037,Training
111,1-(3-hydroxypropyl)-3-methylimidazolium bis(trifluoromethylsulfonyl)amide,[N+]1(C)=CN(C=C1)CCCO.[N-](S(=O)(=O)C(F)(F)F)S(=O)(=O)C(F)(F)F ,3.6599162,3.427763549,Training
112,1-(ethoxymethyl)-3-methylimidazolium bis(trifluoromethylsulfonyl)amide,[N+]1(C)=CN(C=C1)COCC.[N-](S(=O)(=O)C(F)(F)F)S(=O)(=O)C(F)(F)F ,3.201397124,3.311043588,Training
113,1-(2-methoxyethyl)-3-methylimidazolium bis(trifluoromethylsulfonyl)amide,[N+]1(C)=CN(C=C1)CCOC.[N-](S(=O)(=O)C(F)(F)F)S(=O)(=O)C(F)(F)F ,3.250420002,3.311043588,Training
114,1-(2-ethoxyethyl)-3-methylimidazolium bis(trifluoromethylsulfonyl)amide,[N+]1(C)=CN(C=C1)CCOCC.[N-](S(=O)(=O)C(F)(F)F)S(=O)(=O)C(F)(F)F ,3.181843588,3.071360488,Training
115,1-(3-methoxypropyl)-3-methylimidazolium bis(trifluoromethylsulfonyl)amide,[N+]1(C)=CN(C=C1)CCCOC.[N-](S(=O)(=O)C(F)(F)F)S(=O)(=O)C(F)(F)F ,3.342422681,3.071360488,Training
117,1-(3-carboxypropyl)-3-methylimidazolium chloride ,[N+]1(C)=CN(C=C1)CCCC(=O)O.[Cl-] ,3.78,3.812525696,Training
118,1-(7-carboxyheptyl)-3-methylimidazolium bromide ,[N+]1(C)=CN(C=C1)CCCCCCCC(=O)O.[Br-] ,3.78,2.621115375,Training
119,1-(4-hydroxybutyl)-3-methylimidazolium chloride ,[N+]1(C)=CN(C=C1)CCCCO.[Cl-] ,3.78,3.851874608,Training
120,1-ethyl-3-propylimidazolium bromide ,[N+]1(CC)=CN(C=C1)CCC.[Br-] ,3.6,3.53814352,Training
121,1-methylimidazolium tetrafluoroborate,[B-](F)(F)(F)F.C[NH+]1C=CN=C1,3.09,3.200027111,Training
122,1-methyl-3-propylimidazolium hexafluorophosphate ,[N+]1(C)=CN(C=C1)CCC.[P-](F)(F)(F)(F)(F)F ,3.3,3.640501599,Training
123,1-butyl-3-methylimidazolium bis(trifluoromethyl)amide,[N+]1(C)=CN(C=C1)CCCC.[N-](C(F)(F)F)C(F)(F)F,2.187520721,2.29765093,Training
124,1-(2-hydroxyethyl)-3-methylimidazolium tetrafluoroborate,[N+]1(C)=CN(C=C1)CCO.[B-](F)(F)(F)F ,3.482873584,3.59263804,Training
125,"1,3-didecyl-2-methylimidazolium bis(trifluoromethylsulfonyl)amide",[N+]1(CCCCCCCCCC)=C(C)N(C=C1)CCCCCCCCCC.[N-](S(=O)(=O)C(F)(F)F)S(=O)(=O)C(F)(F)F ,-0.128427064,-0.01817947,Training
126,"1-ethyl-2-(8-heptadecenyl)-4,5-dihydro-3-(2-hydroxyethyl)-1H-imidazolium O-ethyl sulfate ",[N+]1(CC)=C(CCCCCCCC=CCCCCCCCC)N(CC1)CCO.[O-]S(=O)(=O)OCC ,0.068185862,0.178223539,Training
127,1-ethyl-3-methylimidazolium acetate ,[N+]1(C)=CN(C=C1)CC.[O-]C(=O)C ,4.225309282,4.120240627,Training
129,1-methyl-3-(2-phenylethyl)imidazolium chloride ,[N+]1(C)=CN(C=C1)CCc1ccccc1.[Cl-] ,3.3,3.190295843,Training
131,1-(8-hydroxyoctyl)-3-methylimidazolium bromide ,[N+]1(C)=CN(C=C1)CCCCCCCCO.[Br-] ,2.357934847,2.319667137,Training
132,1-methyl-3-(4-methylbenzyl)imidazolium hexafluorophosphate ,[N+]1(C)=CN(C=C1)Cc1ccc(cc1)C.[P-](F)(F)(F)(F)(F)F ,2.663700925,2.77413433,Training
134,1-benzyl-3-methylimidazolium hexafluorophosphate ,[N+]1(C)=CN(C=C1)Cc1ccccc1.[P-](F)(F)(F)(F)(F)F ,3.3,3.190023043,Training
135,1-benzyl-3-methylimidazolium chloride ,[N+]1(C)=CN(C=C1)Cc1ccccc1.[Cl-] ,3.3,3.3573656,Training
136,1-methyl-3-octylimidazolium O-octyl sulfate ,[N+]1(C)=CN(C=C1)CCCCCCCC.[O-]S(=O)(=O)OCCCCCCCC ,1.525044807,1.415332838,Training
137,1-ethyl-3-methylimidazolium O-2-(2-methoxyethoxy)ethyl sulfate ,[N+]1(C)=CN(C=C1)CC.[O-]S(=O)(=O)OCCOCCOC ,3.845718018,3.569448841,Training
138,1-hexyl-3-methylimidazolium tris(trifluoromethylsulfonyl)methanide,[N+]1(C)=CN(C=C1)CCCCCC.[C-](S(=O)(=O)C(F)(F)F)(S(=O)(=O)C(F)(F)F)S(=O)(=O)C(F)(F)F ,3.44,3.330219521,Training
139,"1-hexyl-3-methylimidazolium 1,1-dioxo-1,2-dihydrobenzo[d]isothiazol-3-onate",[N+]1(C)=CN(C=C1)CCCCCC.[N-]1C(=O)c2ccccc2S1(=O)=O ,2.307496038,2.417852998,Training
140,4-(2-hydroxyethyl)-4-methylmorpholinium bis(trifluoromethylsulfonyl)amide(1-),[N+]1(C)(CCOCC1)CCO.[N-](S(=O)(=O)C(F)(F)F)S(=O)(=O)C(F)(F)F,3.18,3.592590976,Training
141,4-(ethoxymethyl)-4-methylmorpholinium bis(trifluoromethylsulfonyl)amide(1-),[N+]1(C)(CCOCC1)COCC.[N-](S(=O)(=O)C(F)(F)F)S(=O)(=O)C(F)(F)F,3.36,3.432035063,Training
142,4-butyl-4-methylmorpholinium bis(trifluoromethylsulfonyl)amide(1-),[N+]1(C)(CCOCC1)CCCC.[N-](S(=O)(=O)C(F)(F)F)S(=O)(=O)C(F)(F)F,3.43,3.390067805,Training
143,4-(ethoxymethyl)-4-methylmorpholinium chloride,CCOC[N+]1(CCOCC1)C.[Cl-],3.52,4.574844675,Training
144,4-(cyanomethyl)-4-methylmorpholinium bis(trifluoromethylsulfonyl)amide,N#C[N+]1(C)CCOCC1.FC(F)(F)S(=O)(=O)[N-]S(=O)(=O)C(F)(F)F,3.53,3.640059875,Training
145,4-(3-hydroxypropyl)-4-methylmorpholinium bis(trifluoromethylsulfonyl)amide(1-),[N+]1(C)(CCOCC1)CCCO.[N-](S(=O)(=O)C(F)(F)F)S(=O)(=O)C(F)(F)F,3.53,3.639882724,Training
146,4-(2-ethoxyethyl)-4-methylmorpholinium bis(trifluoromethylsulfonyl)amide(1-),[N+]1(C)(CCOCC1)CCOCC.[N-](S(=O)(=O)C(F)(F)F)S(=O)(=O)C(F)(F)F,3.69,3.498478345,Training
147,4-(3-methoxypropyl)-4-methylmorpholinium bis(trifluoromethylsulfonyl)amide(1-,[N+]1(C)(CCOCC1)CCCOC.[N-](S(=O)(=O)C(F)(F)F)S(=O)(=O)C(F)(F)F,3.77,3.498478345,Training
150,4-butyl-4-methylmorpholinium bromide,[Br-].O1CC[N+](CCCC)(C)CC1,4.6,4.489611653,Training
151,4-(2-hydroxyethyl)-4-methylmorpholinium iodide,[N+]1(C)(CCOCC1)CCO.[I-],4.6,4.710072104,Training
156,4-(3-methoxypropyl)-4-methylmorpholinium chloride,[N+]1(C)(CCOCC1)CCCOC.[Cl-],4.6,4.516633597,Training
157,4-Benzyl-4-methylmorpholinium nitrate,[N+]1(C)(CCOCC1)Cc1ccccc1.[O-]N(=O)=O,4,4.110262674,Training
160,4-Benzyl-4-methylmorpholinium formate,[N+]1(C)(CCOCC1)Cc1ccccc1.[O-]C=O,4.1,4.156771799,Training
161,4-Benzyl-4-methylmorpholinium acetate,[N+]1(C)(CCOCC1)Cc1ccccc1.[O-]C(=O)C,4.1,4.031897621,Training
164,4-Benzyl-4-methylmorpholinium hexanoate,[N+]1(C)(CCOCC1)Cc1ccccc1.[O-]C(=O)CCCCC,3.63,3.430328592,Training
166,4-benzyl-4-methylmorpholinium O-dodecyl sulfate,[N+]1(C)(CCOCC1)Cc1ccccc1.[O-]S(=O)(=O)OCCCCCCCCCCCC,2.4,2.290267529,Training
167,4-Benzyl-4-methylmorpholinium 2-ethylbutyrate,[N+]1(C)(CCOCC1)Cc1ccccc1.[O-]C(=O)C(CC)CC,4.13,4.019887453,Training
168,4-benzyl-4-methylmorpholinium 2-hydroxypropanoate,[N+]1(C)(CCOCC1)Cc1ccccc1.[O-]C(=O)C(C)O,4.3,4.409806161,Training
169,4-benzyl-4-methylmorpholinium (2E)-2-butenoate,[N+]1(C)(CCOCC1)Cc1ccccc1.[O-]C(=O)/C=C/C,4.15,4.040228999,Training
170,4-benzyl-4-methylmorpholinium (2Z)-2-butenedioate,[N+]1(C)(CCOCC1)Cc1ccccc1.[O-]C(=O)/C=CC(=O)O,3.35,3.783778431,Training
172,"4-benzyl-4-methylmorpholinium 1,1-dioxo-1,2-dihydrobenzo[d]isothiazol-3-onate(1-)",[N+]1(C)(CCOCC1)Cc1ccccc1.[N-]1C(=O)c2ccccc2S1(=O)=O,3.5,3.430379526,Training
173,trihexyltetradecylphosphanium bis(trifluoromethylsulfonyl)amide,[P+](CCCCCC)(CCCCCC)(CCCCCC)CCCCCCCCCCCCCC.[N-](S(=O)(=O)C(F)(F)F)S(=O)(=O)C(F)(F)F ,0.24,0.350109548,Training
175,"tetrabutylphosphanium bis[1,2-benzenediolato(2-)]borate",[P+](CCCC)(CCCC)(CCCC)CCCC.[B-]12(Oc3ccccc3O1)Oc3ccccc3O2 ,1.32,1.3512104,Training
177,3-hydroxypropan-1-aminium formate,[O-]C=O.OCCC[NH3+],4.490660653,4.38048212,Training
178,3-hydroxypropan-1-aminium butanoate,O=C([O-])CCC.OCCC[NH3+],3.260071388,3.370104113,Training
179,2-hydroxy-N-(2-hydroxyethyl)ethanaminium acetate,O=C([O-])C.OCC[NH2+]CCO,4.032215703,3.839373305,Training
180,2-hydroxy-N-(2-hydroxyethyl)ethanaminium propanoate,O=C([O-])CC.OCC[NH2+]CCO,3.767155866,3.761535264,Training
181,2-hydroxy-N-(2-hydroxyethyl)ethanaminium butanoate,O=C([O-])CCC.OCC[NH2+]CCO,3.245512668,3.689520691,Training
183,2-hydroxy-N-(2-hydroxyethyl)ethanaminium pentanoate,O=C([O-])CCCC.OCC[NH2+]CCO,3.72427587,3.614201322,Training
184,"2-hydroxy-N,N-bis(2-hydroxyethyl)ethanaminium butanoate",[O-]C(=O)CCC.OCC[NH+](CCO)CCO,3.394451681,3.504387556,Training
185,"2-hydroxy-N,N-bis(2-hydroxyethyl)ethanaminium pentanoate",[O-]C(=O)CCCC.OCC[NH+](CCO)CCO,3.530199698,3.419946052,Training
186,1-(3-methoxypropyl)-1-methylpiperidinium bis(trifluoromethylsulfonyl)amide(1-),[N+]1(C)(CCCCC1)CCCOC.[N-](S(=O)(=O)C(F)(F)F)S(=O)(=O)C(F)(F)F,3.27,3.391020966,Training
187,1-(2-methoxyethyl)-1-methylpiperidinium bis(trifluoromethylsulfonyl)amide(1-),[N+]1(C)(CCCCC1)CCOC.[N-](S(=O)(=O)C(F)(F)F)S(=O)(=O)C(F)(F)F,3.28,3.390067805,Training
188,1-(2-ethoxyethyl)-1-methylpiperidinium bis(trifluoromethylsulfonyl)amide(1-),[N+]1(C)(CCCCC1)CCOCC.[N-](S(=O)(=O)C(F)(F)F)S(=O)(=O)C(F)(F)F,3.34,3.391020966,Training
189,1-butyl-1-methylpiperidinium bis(trifluoromethylsulfonyl)amide(1-),[N+]1(C)(CCCCC1)CCCC.[N-](S(=O)(=O)C(F)(F)F)S(=O)(=O)C(F)(F)F,3.41,3.230188538,Training
192,1-(cyanomethyl)-1-methylpiperidinium bis(trifluoromethylsulfonyl)amide(1-),[N+]1(C)(CCCCC1)CC#N.[N-](S(=O)(=O)C(F)(F)F)S(=O)(=O)C(F)(F)F,4,3.86336363,Training
193,1-butyl-1-methylpiperidinium bromide,CCCC[N+]1(CCCCC1)C.[Br-],4.03,3.919813788,Training
195,1-(3-methoxypropyl)-1-methylpiperidinium chloride,C[N+]1(CCCCC1)CCCOC.[Cl-],4.4,4.178812986,Training
196,1-(2-hydroxyethyl)-1-methylpiperidinium iodide,C[N+]1(CCCCC1)CCO.[I-],4.58,4.469639233,Training
197,1-(cyanomethyl)-1-methylpiperidinium chloride,C[N+]1(CCCCC1)CC#N.[Cl-],4.58,4.469662502,Training
198,1-(2-methoxyethyl)-1-methylpiperidinium bromide,C[N+]1(CCCCC1)CCOC.[Br-],4.6,4.489611653,Training
199,1-(3-hydroxypropyl)-1-methylpiperidinium chloride,C[N+]1(CCCCC1)CCCO.[Cl-],4.6,4.468877122,Training
200,1-(ethoxymethyl)-1-methylpiperidinium chloride,CCOC[N+]1(CCCCC1)C.[Cl-],4.23,4.370016556,Training
202,1-Methyl-1-propylpiperidinium bis(trifluoromethylsulfonyl)amide(1-),[N+]1(C)(CCCCC1)CCC.[N-](S(=O)(=O)C(F)(F)F)S(=O)(=O)C(F)(F)F,3.16,3.269961326,Training
203,1-(3-sulfopropyl)pyridinium trifluoromethanesulfonate ,[n+]1(ccccc1)CCCS(=O)(=O)O.[O-]S(=O)(=O)C(F)(F)F ,3.9,3.800202446,Training
204,1-butyl-3-methylpyridinium dicyanidoamide,[n+]1(cc(C)ccc1)CCCC.[N-](C#N)C#N ,3.46,3.350094313,Training
205,1-(2-Ethoxyethyl)pyridinium Bis(trifluoromethylsulfonyl)amide,[n+]1(ccccc1)CCOCC.[N-](S(=O)(=O)C(F)(F)F)S(=O)(=O)C(F)(F)F ,3.26,3.269847492,Training
206,1-(2-ethoxyethyl)pyridinium bromide ,[n+]1(ccccc1)CCOCC.[Br-] ,4.24,4.067667437,Training
207,1-(2-hydroxyethyl)pyridinium bis(trifluoromethylsulfonyl)amide,[n+]1(ccccc1)CCO.[N-](S(=O)(=O)C(F)(F)F)S(=O)(=O)C(F)(F)F ,3.79,3.806193535,Training
209,1-(2-methoxyethyl)pyridinium bis(trifluoromethylsulfonyl)amide,[n+]1(ccccc1)CCOC.[N-](S(=O)(=O)C(F)(F)F)S(=O)(=O)C(F)(F)F ,3.19,3.428995383,Training
210,1-(3-hydroxypropyl)pyridinium bis(trifluoromethylsulfonyl)amide,[n+]1(ccccc1)CCCO.[N-](S(=O)(=O)C(F)(F)F)S(=O)(=O)C(F)(F)F ,3.55,3.659679413,Training
211,1-(3-methoxypropyl)pyridinium bis(trifluoromethylsulfonyl)amide,[n+]1(ccccc1)CCCOC.[N-](S(=O)(=O)C(F)(F)F)S(=O)(=O)C(F)(F)F ,3.38,3.269847492,Training
213,1-(ethoxymethyl)pyridinium chloride ,[n+]1(ccccc1)COCC.[Cl-] ,3.32,4.132006596,Training
214,1-Butyl-2-methylpyridinium Tetrafluoroborate,[n+]1(c(C)cccc1)CCCC.[B-](F)(F)(F)F ,3.25,3.139709071,Training
215,"1-Butyl-3,4-dimethylpyridinium Tetrafluoroborate",[n+]1(cc(C)c(C)cc1)CCCC.[B-](F)(F)(F)F ,3.02,2.910074119,Training
216,"1-Butyl-3,5-dimethylpyridinium Tetrafluoroborate",[n+]1(cc(C)cc(C)c1)CCCC.[B-](F)(F)(F)F ,3.26,2.910074119,Training
218,1-Butyl-4-methylpyridinium Tetrafluoroborate,[n+]1(ccc(C)cc1)CCCC.[B-](F)(F)(F)F ,2.98,3.139709071,Training
220,3-hydroxy-1-(propoxymethyl)pyridinium acesulfamates,[n+]1(cc(O)ccc1)COCCC.[N-]1C(=O)C=C(C)OS1(=O)=O ,3.5,3.60983698,Training
221,1-Cyanomethylpyridinium Chloride,[Cl-].NCCN1C=CCC=C1,3.79,3.900076639,Training
222,1-Hexyl-4-methylpyridinium Tetrafluoroborate,[n+]1(ccc(C)cc1)CCCCCC.[B-](F)(F)(F)F ,2.17,2.297016726,Training
223,1-Octyl-4-methylpyridinium Tetrafluoroborate,[n+]1(ccc(C)cc1)CCCCCCCC.[B-](F)(F)(F)F ,1.49,1.379788827,Training
224,1-Octyl-4-methylpyridinium Chloride,[n+]1(ccc(C)cc1)CCCCCCCC.[Cl-] ,1.63,1.580003335,Training
225,1-octylpyridinium chloride ,[n+]1(ccccc1)CCCCCCCC.[Cl-] ,1.27,1.65014388,Training
226,4-(Dimethylamino)-1-butylpyridinium Bis(trifluoromethylsulfonyl)amide,[n+]1(ccc(N(C)C)cc1)CCCC.[N-](S(=O)(=O)C(F)(F)F)S(=O)(=O)C(F)(F)F ,1.82,1.864336237,Training
228,4-(dimethylamino)-1-ethylpyridinium bis(trifluoromethylsulfonyl)amide,[n+]1(ccc(N(C)C)cc1)CC.[N-](S(=O)(=O)C(F)(F)F)S(=O)(=O)C(F)(F)F ,2.79,2.679920876,Training
229,4-(dimethylamino)-1-ethylpyridinium bromide ,[n+]1(ccc(N(C)C)cc1)CC.[Br-] ,2.9,2.833947458,Training
230,4-(dimethylamino)-1-hexylpyridinium chloride ,[n+]1(ccc(N(C)C)cc1)CCCCCC.[Cl-] ,0.93,1.236294919,Training
231,4-(dimethylamino)-1-hexylpyridinium bis(trifluoromethylsulfonyl)amide,[n+]1(ccc(N(C)C)cc1)CCCCCC.[N-](S(=O)(=O)C(F)(F)F)S(=O)(=O)C(F)(F)F ,0.93,1.040179963,Training
232,1-(3-hydroxypropyl)pyridinium chloride ,[n+]1(ccccc1)CCCO.[Cl-] ,4.6,4.171609398,Training
233,1-(2-methoxyethyl)pyridinium chloride ,[n+]1(ccccc1)CCOC.[Cl-] ,4.6,4.132006596,Training
235,"1-[(hexyloxy)methyl]-3-hydroxypyridinium 1,1-dioxo-1,2-dihydrobenzo[d]isothiazol-3-onate",[n+]1(cc(O)ccc1)COCCCCCC.[N-]1C(=O)c2ccccc2S1(=O)=O ,3.3,3.190291505,Training
237,"1-butyl-3,4-dimethylpyridinium chloride ",[n+]1(cc(C)c(C)cc1)CCCC.[Cl-] ,3.05,3.159791616,Training
239,1-hexyl-3-methylpyridinium chloride ,[n+]1(cc(C)ccc1)CCCCCC.[Cl-] ,2.4,2.55996618,Training
240,1-butyl-3-methylpyridinium chloride ,[n+]1(cc(C)ccc1)CCCC.[Cl-] ,3.86,3.411066791,Training
241,1-hexyl-4-methylpyridinium chloride ,[n+]1(ccc(C)cc1)CCCCCC.[Cl-] ,2.67,2.55996618,Training
244,1-pentylpyridinium bromide ,[n+]1(ccccc1)CCCCC.[Br-] ,3.15,3.260261009,Training
245,1-pentylpyridinium bis(trifluoromethylsulfonyl)amide,[n+]1(ccccc1)CCCCC.[N-](S(=O)(=O)C(F)(F)F)S(=O)(=O)C(F)(F)F ,2.85,2.811262767,Training
247,1-butylpyridinium hexafluorophosphate ,[n+]1(ccccc1)CCCC.[P-](F)(F)(F)(F)(F)F ,3.85,3.551978518,Training
248,1-butylpyridinium trifluoromethanesulfonate ,[n+]1(ccccc1)CCCC.[O-]S(=O)(=O)C(F)(F)F ,3.66,3.550107693,Training
249,1-hexylpyridinium chloride ,[n+]1(ccccc1)CCCCCC.[Cl-] ,2.8,2.733586863,Training
250,1-hexylpyridinium hexafluorophosphate ,[n+]1(ccccc1)CCCCCC.[P-](F)(F)(F)(F)(F)F ,2.51,2.813397021,Training
251,1-hexylpyridinium trifluoromethanesulfonate ,[n+]1(ccccc1)CCCCCC.[O-]S(=O)(=O)C(F)(F)F ,2.54,2.649601204,Training
252,1-hexylpyridinium bis(trifluoromethylsulfonyl)amide,[n+]1(ccccc1)CCCCCC.[N-](S(=O)(=O)C(F)(F)F)S(=O)(=O)C(F)(F)F ,2.87,2.532401048,Training
253,1-ethylpyridinium chloride ,[n+]1(ccccc1)CC.[Cl-] ,4.22,4.110242576,Training
254,1-propylpyridinium bis(trifluoromethylsulfonyl)amide,[n+]1(ccccc1)CCC.[N-](S(=O)(=O)C(F)(F)F)S(=O)(=O)C(F)(F)F ,3.2,3.309659472,Training
255,3-hydroxy-1-(propoxymethyl)pyridinium chloride ,[n+]1(cc(O)ccc1)COCCC.[Cl-] ,2.9,4.037867146,Training
256,1-[(heptyloxy)methyl]-3-hydroxypyridinium chloride ,[n+]1(cc(O)ccc1)COCCCCCCC.[Cl-] ,3,2.889747309,Training
257,3-hydroxy-1-[(undecyloxy)methyl]pyridinium chloride ,[n+]1(cc(O)ccc1)COCCCCCCCCCCC.[Cl-] ,1.6,1.490449487,Training
258,1-Cyanomethylpyridinium Bis(trifluoromethylsulfonyl)amide,NCCN1C=CCC=C1.FC(F)(F)S(=O)(=O)NS(=O)(=O)C(F)(F)F,3.5,3.389949518,Training
260,1-hexyloxymethyl-3-hydroxypyridinium acesulfamates,[n+]1(cc(O)ccc1)COCCCCCC.[N-]1C(=O)C=C(C)OS1(=O)=O ,3.4,3.150789062,Training
261,"1-[(heptyloxy)methyl]-3-hydroxypyridinium 6-methyl-2,2-dioxo-1,2,3-oxathiazin-4-onate ",[n+]1(cc(O)ccc1)COCCCCCCC.[N-]1C(=O)C=C(C)OS1(=O)=O ,3,2.926531874,Training
262,3-hydroxy-1-undecyloxymethylpyridinium acesultamates,[n+]1(cc(O)ccc1)COCCCCCCCCCCC.[N-]1C(=O)C=C(C)OS1(=O)=O ,1.6,1.710186024,Training
263,"3-hydroxy-1-(propoxymethyl)pyridinium 1,1-dioxo-1,2-dihydrobenzo[d]isothiazol-3-onate",[n+]1(cc(O)ccc1)COCCC.[N-]1C(=O)c2ccccc2S1(=O)=O ,3.6,3.653677992,Training
264,1-butoxymethyl-3-hydroxypyridinium saccharinates,[n+]1(cc(O)ccc1)COCCCC.[N-]1C(=O)c2ccccc2S1(=O)=O ,3.6,3.56638684,Training
265,1-butyl-4-methylpyridinium hexafluorophosphate ,[n+]1(ccc(C)cc1)CCCC.[P-](F)(F)(F)(F)(F)F ,3.3,3.308459261,Training
267,"3-hydroxy-1-[(undecyloxy)methyl]pyridinium 1,1-dioxo-1,2-dihydrobenzo[d]isothiazol-3-onate",[n+]1(cc(O)ccc1)COCCCCCCCCCCC.[N-]1C(=O)c2ccccc2S1(=O)=O ,1.6,1.710155176,Training
268,3-methyl-1-octylpyridinium chloride,[n+]1(cc(C)ccc1)CCCCCCCC.[Cl-] ,1.47,1.580003335,Training
269,4-(dimethylamino)-1-methylpyridinium iodide ,[n+]1(ccc(N(C)C)cc1)C.[I-] ,2.89,3.000454874,Training
272,1-(2-hydroxyethyl)-1-methylpyrrolidinium bis(trifluoromethylsulfonyl)amide,[N+]1(C)(CCCC1)CCO.[N-](S(=O)(=O)C(F)(F)F)S(=O)(=O)C(F)(F)F ,3.72,3.601397587,Training
273,1-(2-methoxyethyl)-1-methylpyrrolidinium bis(trifluoromethylsulfonyl)amide,[N+]1(C)(CCCC1)CCOC.[N-](S(=O)(=O)C(F)(F)F)S(=O)(=O)C(F)(F)F ,3.3,3.368553394,Training
274,1-(cyanomethyl)-1-methylpyrrolidinium bis(trifluoromethylsulfonyl)amide,[N+]1(C)(CCCC1)CC#N.[N-](S(=O)(=O)C(F)(F)F)S(=O)(=O)C(F)(F)F ,3.8,3.801509631,Training
275,1-(3-hydroxypropyl)-1-methylpyrrolidinium bis(trifluoromethylsulfonyl)amide,[N+]1(C)(CCCC1)CCCO.[N-](S(=O)(=O)C(F)(F)F)S(=O)(=O)C(F)(F)F ,3.6,3.599852173,Training
276,1-(3-methoxypropyl)-1-methylpyrrolidinium bis(trifluoromethylsulfonyl)amide,[N+]1(C)(CCCC1)CCCOC.[N-](S(=O)(=O)C(F)(F)F)S(=O)(=O)C(F)(F)F ,3.4,3.390067805,Training
277,1-(ethoxymethyl)-1-methylpyrrolidinium chloride ,[N+]1(C)(CCCC1)COCC.[Cl-] ,3.05,4.489780978,Training
278,1-(ethoxymethyl)-1-methylpyrrolidinium bis(trifluoromethylsulfonyl)amide,[N+]1(C)(CCCC1)COCC.[N-](S(=O)(=O)C(F)(F)F)S(=O)(=O)C(F)(F)F ,3.26,3.368553394,Training
280,1-Butyl-1-methylpyrrolidinium Tetrafluoroborate,[N+]1(C)(CCCC1)CCCC.[B-](F)(F)(F)F ,2.9,3.010062342,Training
281,1-butyl-1-methylpyrrolidinium bromide ,[N+]1(C)(CCCC1)CCCC.[Br-] ,3.77,4.119904571,Training
282,1-Butyl-1-methylpyrrolidinium Dicyanamide,[N+]1(C)(CCCC1)CCCC.[N-](C#N)C#N,4.23,4.119767771,Training
283,1-hexyl-1-methylpyrrolidinium chloride ,[N+]1(C)(CCCC1)CCCCCC.[Cl-] ,2.91,3.528658278,Training
284,1-Methyl-1-octylpyrrolidinium Tetrafluoroborate,[N+]1(C)(CCCC1)CCCCCCCC.[B-](F)(F)(F)F ,1.82,1.930071624,Training
285,1-methyl-1-octylpyrrolidinium chloride ,[N+]1(C)(CCCC1)CCCCCCCC.[Cl-] ,2.59,2.699915548,Training
286,1-(2-hydroxyethyl)-1-methylpyrrolidinium iodide ,[N+]1(C)(CCCC1)CCO.[I-] ,4.6,4.560507389,Training
287,1-butyl-1-methylpyrrolidinium chloride ,[N+]1(C)(CCCC1)CCCC.[Cl-] ,4.6,4.095860984,Training
288,1-(3-hydroxypropyl)-1-methylpyrrolidinium chloride ,[N+]1(C)(CCCC1)CCCO.[Cl-] ,4.6,4.663135264,Training
289,1-(2-methoxyethyl)-1-methylpyrrolidinium chloride ,[N+]1(C)(CCCC1)CCOC.[Cl-] ,4.6,4.489780978,Training
290,1-(2-ethoxyethyl)-1-methylpyrrolidinium bromide ,[N+]1(C)(CCCC1)CCOCC.[Br-] ,4.6,4.489611653,Training
292,1-butyl-1-methylpyrrolidinium trifluoridotris(pentafluoroethyl)phosphate,[N+]1(C)(CCCC1)CCCC.[P-](F)(F)(F)(C(F)(F)C(F)(F)F)(C(F)(F)C(F)(F)F)C(F)(F)C(F)(F)F,2.41,2.299806309,Training
293,1-(cyanomethyl)-1-methylpyrrolidinium chloride ,[N+]1(C)(CCCC1)CC#N.[Cl-] ,4.23,4.494760951,Training
294,1-(ethoxycarbonylmethyl)-1-methylpyrrolidinium bis(trifluoromethylsulfonyl)amide,[N+]1(C)(CCCC1)CC(=O)OCC.[N-](S(=O)(=O)C(F)(F)F)S(=O)(=O)C(F)(F)F ,3.592176757,3.482255121,Training
295,1-(ethoxycarbonylmethyl)-1-methylpyrrolidinium bromide ,[N+]1(C)(CCCC1)CC(=O)OCC.[Br-] ,3.844477176,3.954375167,Training
296,1-(2-methoxyethyl)-1-methylpyrrolidinium trifluoridotris(pentafluoroethyl)phosphate(1-),C[N+]1(CCCC1)CCOC.C(F)(F)(F)C(F)(F)[P-](F)(F)(F)(C(F)(F)C(F)(F)F)C(F)(F)C(F)(F)F,2.16,2.269733189,Training
297,1-(ethoxycarbonylmethyl)-1-methylpyrrolidinium trifluoridotris(pentafluoroethyl)phosphate(1-),C[N+]1(CCCC1)CCOC(=O)C.C(F)(F)(F)C(F)(F)[P-](F)(F)(F)(C(F)(F)C(F)(F)F)C(F)(F)C(F)(F)F,2.91,2.799785455,Training
298,1-octylquinolinium tetrafluoroborate,F[B-](F)(F)F.c12ccccc1ccc[n+]2CCCCCCCC,0.17,0.241053446,Training
299,1-Butylquinolinium tetrafluoroborate(1-),F[B-](F)(F)F.c12ccccc1ccc[n+]2CCCC,2.16,2.118561443,Training
300,1-Butylquinolinium bromide,[Br-].c12ccccc1ccc[n+]2CCCC,2.32,2.430042878,Training
301,1-Hexylquinolinium tetrafluoroborate(1-),[n+]1(cccc2ccccc12)CCCCCC.[B-](F)(F)(F)F,1.07,1.180149196,Training
302,1-Octylquinolinium bromide,[Br-].c12ccccc1ccc[n+]2CCCCCCCC,-0.03,0.080351352,Training
303,triethylsulfonium bromide,[Br-].[S+](CC)(CC)CC,3.4,3.509879648,Training
304,Diethylmethylsulfonium bis(trifluoromethylsulfonyl)imide,[S+](C)(CC)CC.[N-](S(=O)(=O)C(F)(F)F)S(=O)(=O)C(F)(F)F,3.48,3.370139648,Training
305,1-Methyl-3-octyl-3H-imidazolium chloride,CCCCCCCCN1C=C[N+](=C1)C.[Cl-],2,1.953730654,Training
306,1-Butyl-3-methyl-3H-imidazolium chloride,CCCCN1C=C[N+](=C1)C.[Cl-],3.55,3.614014477,Training
307,1-Hexadecyl-3-methyl-3H-imidazolium chloride,CCCCCCCCCCCCCCCCN1C=C[N+](=C1)C.[Cl-],-0.24,-0.251702646,Training
308,1-Heptyl-3-methyl-3H-imidazolium chloride,CCCCCCC[NH+]1CN(C=C1)C.[Cl-],2.53,2.639739744,Training
310,1-Butyl-3-methyl-3H-imidazolium iodide,CCCCN1C=C[N+](=C1)C.[I-],3.48,3.590074034,Training
312,1-Methyl-3-octyl-3H-imidazolium tetrafluoroborate,[B-](F)(F)(F)F.CCCCCCCCN1C=C[N+](=C1)C,1.59,1.700114215,Training
313,1-Methyl-3-propyl-3H-imidazolium tetrafluoroborate,[B-](F)(F)(F)F.CCCN1C=C[N+](=C1)C,3.45,3.406668724,Training
314,1-Methyl-3-(4-methylbenzyl)-3H-imidazolium chloride,CC1=CC=C(C=C1)CN2C[NH+](C=C2)C.[Cl-],2.64,2.562090081,Training
315,"1-Hexyl-2,3-dimethyl-3H-imidazolium tetrafluoroborate",[B-](F)(F)(F)F.CCCCCCN1C=C[N+](=C1C)C,1.9,2.023336908,Training
316,1-Benzyl-3-methyl-3H-imidazolium tetrafluoroborate,[B-](F)(F)(F)F.C[N+]1=CN(C=C1)CC2=CC=CC=C2,2.97,3.048417815,Training
317,1-Ethyl-3-methyl-3H-imidazolium acetate,CCN1C=C[N+](=C1)C.CC(=O)[O-],4.23,4.120240627,Training
318,1-Butyl-3-methyl-3H-imidazolium 2-(2-methoxyethoxy)ethyl sulfate,CCCCN1C=C[N+](=C1)C.COCCOCCOS(=O)(=O)[O-],3.15,3.268707725,Training
319,1-Ethyl-3-methyl-3H-imidazolium trifluoromethanesulfonate,CCN1C=C[N+](=C1)C.C(F)(F)(F)S(=O)(=O)[O-],4.09,3.976090416,Training
320,1-Butyl-3-methyl-3H-imidazolium bis(trifluoromethylsulfonyl)amide,CCCCN1C=C[N+](=C1)C.C(F)(F)(F)S(=O)(=O)[N-]S(=O)(=O)C(F)(F)F,2.68,2.896406923,Training
321,1-Methyl-3-octyl-3H-imidazolium bis(trifluoromethylsulfonyl)amide,CCCCCCCCN1C=C[N+](=C1)C.C(F)(F)(F)S(=O)(=O)[N-]S(=O)(=O)C(F)(F)F,1.64,1.750404915,Training
322,1-Ethyl-3-methyl-3H-imidazolium trifluoroacetate,CCN1C=C[N+](=C1)C.C(=O)(C(F)(F)F)[O-],4,3.914697221,Training
324,1-Butylpyridinium tetrafluoroborate,[B-](F)(F)(F)F.CCCC[N+]1=CC=CC=C1,3.16,3.347577911,Training
325,1-butyl-4-methylpyridinium chloride,CCCC[N+]1=CC=C(C=C1)C.[Cl-],3.32,3.411066791,Training
327,1-Butylpyridinium bromide,CCCC[N+]1=CC=CC=C1.[Br-],3.9,3.713828609,Training
328,1-Butyl-3-methylpyridinium tetrafluoroborate,[B-](F)(F)(F)F.CCCC[N+]1=CC=CC(=C1)C,3.3,3.139709071,Training
329,1-Butylpyridinium trifluoromethanesulfonate,CCCC[N+]1=CC=CC=C1.C(F)(F)(F)S(=O)(=O)[O-],3.66,3.550107693,Training
330,1-Hexylpyridinium trifluoromethanesulfonate,CCCCCC[N+]1=CC=CC=C1.C(F)(F)(F)S(=O)(=O)[O-],2.54,2.649601204,Training
331,1-Butylpyridinium chloride,CCCC[N+]1=CC=CC=C1.[Cl-],3.77,3.659786473,Training
332,1-Hexyl-3-methylpyridinium chloride,CCCCCC[N+]1=CC=CC(=C1)C.[Cl-],2.4,2.55996618,Training
333,1-Hexyl-4-methylpyridinium chloride,CCCCCC[N+]1=CC=C(C=C1)C.[Cl-],2.67,2.55996618,Training
334,1-Hexyl-4-methylpyridinium tetrafluoroborate,[B-](F)(F)(F)F.CCCCCC[N+]1=CC=C(C=C1)C,2.17,2.297016726,Training
335,1-(Ethoxymethyl)pyridinium chloride,CCOC[N+]1=CC=CC=C1.[Cl-],3.32,4.132006596,Training
336,1-Butyl-2-methylpyridinium tetrafluoroborate,[B-](F)(F)(F)F.CCCC[N+]1=CC=CC=C1C,3.25,3.139709071,Training
337,1-Propylpyridinium bis(trifluoromethylsulfonyl)amide,CCC[N+]1=CC=CC=C1.C(F)(F)(F)S(=O)(=O)[N-]S(=O)(=O)C(F)(F)F,3.2,3.309659472,Training
338,1-Pentylpyridinium bromide,CCCCC[N+]1=CC=CC=C1.[Br-],3.15,3.260261009,Training
339,1-Butyl-2-methylpyridinium chloride,CCCC[N+]1=CC=CC=C1C.[Cl-],3.75,3.411066791,Training
340,Benzyldimethyltetradecylammonium chloride,CCCCCCCCCCCCCC[N+](C)(C)CC1=CC=CC=C1.[Cl-],0.16,0.270211948,Training
341,1-Methyl-1-propylpiperidinium bis(trifluoromethylsulfonyl)amide,CCC[N+]1(CCCCC1)C.C(F)(F)(F)S(=O)(=O)[N-]S(=O)(=O)C(F)(F)F,3.16,3.269961326,Training
342,1-(2-Methoxyethyl)-1-methylpiperidinium bis(trifluoromethylsulfonyl)amide,C[N+]1(CCCCC1)CCOC.C(F)(F)(F)S(=O)(=O)[N-]S(=O)(=O)C(F)(F)F,3.25,3.390067805,Training
343,1-Butyl-1-methylpiperidinium bis(trifluoromethylsulfonyl)amide,CCCC[N+]1(CCCCC1)C.C(F)(F)(F)S(=O)(=O)[N-]S(=O)(=O)C(F)(F)F,3.41,3.230188538,Training
344,1-Hexylpyridinium chloride,CCCCCC[N+]1=CC=CC=C1.[Cl-],2.8,2.733586863,Training
345,1-(Cyanomethyl)pyridinium chloride,C1=CC=[N+](C=C1)CC#N.[Cl-],3.79,3.900149788,Training
347,1-Hexyl-3-methyl-3H-imidazolium chloride,CCCCCCN1C=C[N+](=C1)C.[Cl-],2.82,2.858548777,Training
348,1-Ethyl-3-methyl-3H-imidazolium chloride,CCN1C=C[N+](=C1)C.[Cl-],3.86,3.977351231,Training
350,1-Butyl-3-methyl-3H-imidazolium trifluoromethanesulfonate,CCCCN1C=C[N+](=C1)C.C(F)(F)(F)S(=O)(=O)[O-],3,3.215754195,Training
351,1-Hexyl-3-methyl-3H-imidazolium bis(trifluoromethylsulfonyl)amide,CCCCCCN1C=C[N+](=C1)C.C(F)(F)(F)S(=O)(=O)[N-]S(=O)(=O)C(F)(F)F,2.24,2.270878684,Training
352,1-Ethyl-3-methyl-3H-imidazolium methyl sulfate,CCN1C=C[N+](=C1)C.COS(=O)(=O)[O-],4.2,4.139245613,Training
353,4-Methyl-1-octylpyridinium chloride,CCCCCCCC[N+]1=CC=C(C=C1)C.[Cl-],2.97,1.580003335,Training
354,1-Ethylpyridinium chloride,CC[N+]1=CC=CC=C1.[Cl-],4.22,4.110242576,Training
356,1-Butyl-3-methyl-3H-imidazolium tetrafluoroborate,[B-](F)(F)(F)F.CCCCN1C=C[N+](=C1)C,3.11,3.163035147,Training
4,Benzyldecyldimethylammonium Chloride,[N+](C)(C)(Cc1ccccc1)CCCCCCCCCC.[Cl-] ,0.64,1.14712194,Test
8,Ethyl(2-hydroxyethyl)dimethylammonium Bis(trifluoromethylsulfonyl)amide,[N+](C)(C)(CC)CCO.[N-](S(=O)(=O)C(F)(F)F)S(=O)(=O)C(F)(F)F ,3.7,3.659712582,Test
11,tetrabutylammonium bromide ,[N+](CCCC)(CCCC)(CCCC)CCCC.[Br-] ,2.25,1.918377194,Test
13,ethyl(2-methoxyethyl)dimethylammonium chloride ,[N+](C)(C)(CC)CCOC.[Cl-] ,4.6,4.659682641,Test
14,ethyl(2-hydroxyethyl)dimethylammonium iodide ,[N+](C)(C)(CC)CCO.[I-] ,4.6,4.433364622,Test
18,ethyl(3-hydroxypropyl)dimethylammonium bis(trifluoromethylsulfonyl)amide,[N+](C)(C)(CC)CCCO.[N-](S(=O)(=O)C(F)(F)F)S(=O)(=O)C(F)(F)F ,3.83,3.509744801,Test
21,(2-hydroxyethyl)ammonium formate ,[NH3+]CCO.[O-]C=O ,4.15,4.430531714,Test
25,benzyltetradecyldimethylammonium chloride,[N+](C)(C)(Cc1ccccc1)CCCCCCCCCCCCCC.[Cl-] ,0.16,0.270211948,Test
26,benzyldodecyldimethylammonium chloride ,[N+](C)(C)(Cc1ccccc1)CCCCCCCCCCCC.[Cl-] ,0.28,0.601316284,Test
30,tetraethylammonium chloride ,[N+](CC)(CC)(CC)CC.[Cl-] ,3.78,4.4895695,Test
31,tetramethylammonium trifluoridotris(pentafluoroethyl)phosphate,[N+](C)(C)(C)C.[P-](F)(F)(F)(C(F)(F)C(F)(F)F)(C(F)(F)C(F)(F)F)C(F)(F)C(F)(F)F ,2.03,2.556675858,Test
37,3-Methyl-1-octylimidazolium Chloride,[N+]1(C)=CN(C=C1)CCCCCCCC.[Cl-] ,2.012837225,1.953730654,Test
57,1-decyl-3-methylimidazolium chloride ,[N+]1(C)=CN(C=C1)CCCCCCCCCC.[Cl-] ,1.34,1.092703627,Test
67,1-Butyl-3-methylimidazolium Hexafluorophosphate,[N+]1(C)=CN(C=C1)CCCC.[P-](F)(F)(F)(F)(F)F ,3.096910013,3.393814345,Test
68,1-(2-Methoxypropyl)-3-methylimidazolium Bis(trifluoromethylsulfonyl)amide,FC(F)(F)S(=O)(=O)[N-]S(=O)(=O)C(F)(F)F.O(C)C(Cn1cc[n+](c1)C)C,3.342422681,3.578508162,Test
69,1-(2-Methoxypropyl)-3-methylimidazolium Chloride,[Cl-].O(C)C(Cn1cc[n+](c1)C)C,4.49,4.318595531,Test
70,1-butyl-3-ethyl-3H-imidazolium trifluoroacetate ,[N+]1(CC)=CN(C=C1)CCCC.[O-]C(=O)C(F)(F)F ,3.31386722,2.859451027,Test
71,1-butyl-3-ethyl-3H-imidazolium trifluoromethanesulfonate ,[N+]1(CC)=CN(C=C1)CCCC.[O-]S(=O)(=O)C(F)(F)F ,3.426511261,2.776471036,Test
72,1-Butyl-3-methylimidazolium Trifluoromethanesulfonate,[N+]1(C)=CN(C=C1)CCCC.[O-]S(=O)(=O)C(F)(F)F ,3.021189299,3.215754195,Test
79,1-Butyl-3-methylimidazolium Thiocyanate,[N+]1(C)=CN(C=C1)CCCC.[S-]C#N ,3.416640507,3.508883295,Test
86,1-Ethyl-3-methylimidazolium Toluene-4-sulfonate,CCN1C=C[N+](=C1)C.CC1=CC=C(C=C1)S(=O)(=O)[O-],3.81,3.677910029,Test
91,1-Methyl-3-(2-phenylethyl)imidazolium Hexafluorophosphate,[N+]1(C)=CN(C=C1)CCc1ccccc1.[P-](F)(F)(F)(F)(F)F ,2.92788341,2.990731838,Test
100,1-hexyl-3-methylimidazolium trifluoridotris(pentafluoroethyl)phosphate,[N+]1(C)=CN(C=C1)CCCCCC.[P-](F)(F)(F)(C(F)(F)C(F)(F)F)(C(F)(F)C(F)(F)F)C(F)(F)C(F)(F)F ,1.428134794,1.281174844,Test
102,1-ethyl-3-methylimidazolium bis(pentafluoroethyl)phosphinate ,[N+]1(C)=CN(C=C1)CC.[O-]P(=O)(C(F)(F)C(F)(F)F)C(F)(F)C(F)(F)F ,2.832508913,2.579118575,Test
116,1-methyl-3-propylimidazolium chloride ,[N+]1(C)=CN(C=C1)CCC.[Cl-] ,4.6,3.858153704,Test
128,"1-methyl-3-(3,3,4,4,5,5,6,6,7,7,8,8,8-tridecafluorooctyl)imidazolium hexafluorophosphate ",[N+]1(C)=CN(C=C1)CCC(F)(F)C(F)(F)C(F)(F)C(F)(F)C(F)(F)C(F)(F)F.[P-](F)(F)(F)(F)(F)F ,1.939019776,1.689667338,Test
130,1-methyl-3-(3-oxobutyl)imidazolium bromide ,[N+]1(C)=CN(C=C1)CCC(=O)C.[Br-] ,3.78,3.603766419,Test
133,1-butyl-3-methylimidazolium 4-methylbenzenesulfonate ,[N+]1(C)=CN(C=C1)CCCC.[O-]S(=O)(=O)c1ccc(C)cc1 ,3.290034611,3.179964765,Test
148,4-ethyl-4-methylmorpholinium 4-methylbenzenesulfonate,[N+]1(C)(CCOCC1)CC.[O-]S(=O)(=O)c1ccc(C)cc1,3.81,3.747324186,Test
149,4-(2-methoxyethyl)-4-methylmorpholinium bis(trifluoromethylsulfonyl)amide(1-),[N+]1(C)(CCOCC1)CCOC.[N-](S(=O)(=O)C(F)(F)F)S(=O)(=O)C(F)(F)F,3.81,3.432035063,Test
152,4-(2-methoxyethyl)-4-methylmorpholinium chloride,[N+]1(C)(CCOCC1)CCOC.[Cl-],4.6,4.574844675,Test
153,4-(2-ethoxyethyl)-4-methylmorpholinium bromide,[Br-].O(CC[N+]1(C)CCOCC1)CC,4.6,4.727311557,Test
154,4-(cyanomethyl)-4-methylmorpholinium chloride,[Cl-].N#CC[N+]1(C)CCOCC1,4.6,4.5845852,Test
155,4-(3-hydroxypropyl)-4-methylmorpholinium chloride,[N+]1(C)(CCOCC1)CCCO.[Cl-],4.6,4.855931154,Test
158,4-Benzyl-4-methylmorpholinium tetrafluoroboranuide(1-),[N+]1(C)(CCOCC1)Cc1ccccc1.[B-](F)(F)(F)F,2.61,3.170503579,Test
159,4-Benzyl-4-methylmorpholinium hydrogen sulfate,[N+]1(C)(CCOCC1)Cc1ccccc1.[O-]S(=O)(=O)O,3.64,4.135323173,Test
162,4-Benzyl-4-methylmorpholinium methoxyacetate,[N+]1(C)(CCOCC1)Cc1ccccc1.[O-]C(=O)COC,3.9,4.249588424,Test
163,4-Benzyl-4-methylmorpholinium 2-(2-methoxyethoxy)acetate,[N+]1(C)(CCOCC1)Cc1ccccc1.[O-]C(=O)COCCOC,3.89,4.38333526,Test
165,4-Benzyl-4-methylmorpholinium octanoate,[N+]1(C)(CCOCC1)Cc1ccccc1.[O-]C(=O)CCCCCCC,3.22,2.979842195,Test
171,4-benzyl-4-methylmorpholinium 2-hydroxybenzoate,[N+]1(C)(CCOCC1)Cc1ccccc1.[O-]C(=O)c1c(O)cccc1,2.9,3.263215807,Test
174,trihexyltetradecylphosphanium tetrafluoridoboranuide,[P+](CCCCCC)(CCCCCC)(CCCCCC)CCCCCCCCCCCCCC.[B-](F)(F)(F)F ,0.48,0.77917058,Test
176,tetrabutylphosphanium bromide ,[P+](CCCC)(CCCC)(CCCC)CCCC.[Br-] ,1.66,1.202072055,Test
182,2-hydroxy-N-(2-hydroxyethyl)ethanaminium 2-methylpropanoate,O=C([O-])C(C)C.OCC[NH2+]CCO,3.474216264,4.032646668,Test
190,1-(3-hydroxypropyl)-1-methylpiperidinium bis(trifluoromethylsulfonyl)amide(1-),[N+]1(C)(CCCCC1)CCCO.[N-](S(=O)(=O)C(F)(F)F)S(=O)(=O)C(F)(F)F,3.63,3.574086012,Test
191,1-(2-hydroxyethyl)-1-methylpiperidinium bis(trifluoromethylsulfonyl)amide(1-),[N+]1(C)(CCCCC1)CCO.[N-](S(=O)(=O)C(F)(F)F)S(=O)(=O)C(F)(F)F,3.65,3.599852173,Test
194,1-(2-ethoxyethyl)-1-methylpiperidinium bromide,CCOCC[N+]1(CCCCC1)C.[Br-],4.31,4.341620789,Test
201,1-(ethoxymethyl)-1-methylpiperidinium bis(trifluoromethylsulfonyl)amide(1-),[N+]1(C)(CCCCC1)COCC.[N-](S(=O)(=O)C(F)(F)F)S(=O)(=O)C(F)(F)F,3.41,3.390067805,Test
208,1-(2-hydroxyethyl)pyridinium iodide ,[n+]1(ccccc1)CCO.[I-] ,4.16,4.522922779,Test
212,1-(ethoxymethyl)pyridinium bis(trifluoromethylsulfonyl)amide,[n+]1(ccccc1)COCC.[N-](S(=O)(=O)C(F)(F)F)S(=O)(=O)C(F)(F)F ,3.12,3.428995383,Test
217,1-Butyl-3-methylpyridinium Tetrafluoroborate,[n+]1(cc(C)ccc1)CCCC.[B-](F)(F)(F)F ,3.3,3.139709071,Test
219,1-butylpyridinium tetrafluoroborate ,[n+]1(ccccc1)CCCC.[B-](F)(F)(F)F ,3.6,3.347577911,Test
227,4-(Dimethylamino)-1-butylpyridinium Chloride,[n+]1(ccc(N(C)C)cc1)CCCC.[Cl-] ,1.94,2.162122475,Test
234,1-(3-methoxypropyl)pyridinium chloride ,[n+]1(ccccc1)CCCOC.[Cl-] ,4.6,3.926321606,Test
236,1-butylpyridinium bromide ,[n+]1(ccccc1)CCCC.[Br-] ,3.9,3.713828609,Test
238,"1-butyl-3,5-dimethylpyridinium chloride ",[n+]1(cc(C)cc(C)c1)CCCC.[Cl-] ,3.42,3.159791616,Test
242,1-butyl-4-methylpyridinium chloride ,[n+]1(ccc(C)cc1)CCCC.[Cl-] ,3.32,3.411066791,Test
243,1-butyl-4-methylpyridinium tetracyanidoboranuide,[n+]1(ccc(C)cc1)CCCC.[B-](C#N)(C#N)(C#N)C#N ,2.88,3.4230341,Test
246,1-butylpyridinium O-methyl sulfate ,[n+]1(ccccc1)CCCC.[O-]S(=O)(=O)OC ,3.92,4.077856468,Test
259,1-butoxymethyl-3-hydroxypyridinium acesulfamates,[n+]1(cc(O)ccc1)COCCCC.[N-]1C(=O)C=C(C)OS1(=O)=O ,3.7,3.496990315,Test
266,"1-[(heptyloxy)methyl]-3-hydroxypyridinium 1,1-dioxo-1,2-dihydrobenzo[d]isothiazol-3-onate",[n+]1(cc(O)ccc1)COCCCCCCC.[N-]1C(=O)c2ccccc2S1(=O)=O ,3,2.929133598,Test
270,1-butyl-1-methylpyrrolidinium bis(trifluoromethylsulfonyl)amide,[N+]1(C)(CCCC1)CCCC.[N-](S(=O)(=O)C(F)(F)F)S(=O)(=O)C(F)(F)F ,3.01,3.269961326,Test
271,1-(2-ethoxyethyl)-1-methylpyrrolidinium bis(trifluoromethylsulfonyl)amide,[N+]1(C)(CCCC1)CCOCC.[N-](S(=O)(=O)C(F)(F)F)S(=O)(=O)C(F)(F)F ,3.2,3.390067805,Test
279,"1,1-Dihexylpyrrolidinium Tetrafluoroborate",[N+]1(CCCCCC)(CCCC1)CCCCCC.[B-](F)(F)(F)F ,1.23,0.783007586,Test
291,1-(3-methoxypropyl)-1-methylpyrrolidinium chloride ,[N+]1(C)(CCCC1)CCCOC.[Cl-] ,4.6,4.370016556,Test
309,1-Butyl-3-methyl-3H-imidazolium bromide,CCCCN1C=C[N+](=C1)C.[Br-],3.43,3.53814352,Test
311,1-Ethyl-3-methyl-3H-imidazolium tetrafluoroborate,[B-](F)(F)(F)F.CCN1C=C[N+](=C1)C,3.44,3.554111303,Test
323,1-Ethyl-3-methyl-3H-imidazolium methanesulfonate,CCN1C=C[N+](=C1)C.CS(=O)(=O)[O-],3.97,4.031034379,Test
326,1-Methyl-1-octylpyrrolidinium chloride,CCCCCCCC[N+]1(CCCC1)C.[Cl-],2.59,2.699915548,Test
346,1-Decyl-3-methyl-3H-imidazolium chloride,CCCCCCCCCCN1C=C[N+](=C1)C.[Cl-],1.34,1.092703627,Test
349,1-Butyl-3-ethyl-3H-imidazolium tetrafluoroborate,[B-](F)(F)(F)F.CCCC[N+]1=CN(C=C1)CC,3.26,2.845706434,Test
355,Benzyldecyldimethylammonium chloride,CCCCCCCCCC[N+](C)(C)CC1=CC=CC=C1.[Cl-],0.65,1.14712194,Test
